2023-06-14 14:00:00,14926.0,14928.75,14924.75,14928.75,zlEKR
2023-06-14 14:01:00,14928.75,14932.25,14928.0,14932.25,BsDeTP
2023-06-14 14:01:00,14932.25,14935.5,14931.5,14935.5,ZCPQibj
2023-06-14 14:01:00,14935.5,14935.5,14931.5,14931.5,YdvtgaRv
2023-06-14 14:01:00,14931.5,14931.5,14927.5,14927.5,tgYaA
2023-06-14 14:02:00,14927.5,14927.5,14923.5,14923.5,nFggLX
2023-06-14 14:02:00,14923.5,14925.0,14921.0,14921.0,VjJeQtc
2023-06-14 14:02:00,14921.0,14925.0,14921.0,14925.0,bPtqGqtb
2023-06-14 14:02:00,14925.0,14928.25,14924.25,14928.25,djvGrzNKG
2023-06-14 14:02:00,14928.25,14930.75,14927.0,14930.75,xbicQwzprO
2023-06-14 14:02:00,14931.0,14933.75,14930.0,14933.75,EYtgu
2023-06-14 14:03:00,14934.25,14935.0,14931.25,14931.25,BAqrSz
2023-06-14 14:03:00,14930.5,14932.25,14928.5,14932.25,CmpGkKR
2023-06-14 14:03:00,14932.75,14935.0,14930.75,14930.75,GViuPnpY
2023-06-14 14:03:00,14930.75,14934.25,14930.25,14934.25,TyzmeJJDj
2023-06-14 14:03:00,14934.25,14936.0,14932.0,14932.0,ZxJEuAUNBx
2023-06-14 14:03:00,14932.0,14936.5,14932.0,14936.5,uDkgn
2023-06-14 14:04:00,14936.5,14936.75,14932.75,14932.75,IcnnKM
2023-06-14 14:04:00,14932.75,14935.0,14931.25,14931.25,JDVIXZe
2023-06-14 14:04:00,14931.0,14934.75,14931.0,14934.75,CDdQIGpB
2023-06-14 14:04:00,14935.0,14935.75,14931.75,14935.75,iaKbTBPpl
2023-06-14 14:04:00,14935.75,14938.75,14935.0,14938.5,WveorEPcDi
2023-06-14 14:04:00,14939.0,14942.75,14938.75,14942.75,pobIH
2023-06-14 14:05:00,14942.75,14946.5,14942.75,14946.5,QEFHVB
2023-06-14 14:05:00,14946.75,14946.75,14942.0,14942.0,eUSvffC
2023-06-14 14:05:00,14942.0,14942.75,14939.0,14942.5,TJHeGYxu
2023-06-14 14:05:00,14943.0,14943.0,14939.0,14939.0,HzLMTUNCg
2023-06-14 14:05:00,14939.0,14941.5,14937.25,14941.5,HeEwgBttXC
2023-06-14 14:05:00,14941.5,14945.25,14941.0,14945.25,PGzqFhyiewT
2023-06-14 14:05:00,14945.25,14950.25,14945.25,14950.25,apotz
2023-06-14 14:06:00,14950.25,14950.5,14946.0,14946.0,ngndJw
2023-06-14 14:06:00,14946.0,14950.75,14946.0,14950.75,WHRfvjq
2023-06-14 14:06:00,14950.75,14953.0,14948.75,14948.75,UJASfyAE
2023-06-14 14:06:00,14948.75,14952.5,14948.75,14952.5,kiSvXYXIv
2023-06-14 14:06:00,14954.5,14955.5,14951.5,14955.5,bKChDoqNwD
2023-06-14 14:06:00,14955.5,14958.25,14954.25,14954.25,hkZpA
2023-06-14 14:07:00,14954.25,14955.25,14951.5,14954.75,vgoRlp
2023-06-14 14:07:00,14955.75,14958.5,14954.25,14958.5,PNyqDll
2023-06-14 14:07:00,14958.5,14959.75,14955.25,14959.75,MgOFpYFj
2023-06-14 14:07:00,14959.75,14959.75,14955.75,14955.75,lJyjVyiWm
2023-06-14 14:07:00,14955.25,14957.75,14954.0,14957.25,lYlBD
2023-06-14 14:08:00,14958.5,14958.5,14954.5,14954.5,DQjzHm
2023-06-14 14:08:00,14954.5,14954.75,14949.5,14949.5,LfXrCqt
2023-06-14 14:08:00,14949.5,14949.75,14946.0,14946.0,gfsEZYEf
2023-06-14 14:08:00,14945.5,14947.25,14943.5,14947.0,gkaEP
2023-06-14 14:09:00,14947.5,14951.25,14947.5,14951.25,APnuZF
2023-06-14 14:09:00,14952.0,14955.5,14951.75,14954.75,tyDpq
2023-06-14 14:10:00,14956.0,14956.0,14952.25,14952.25,vsleuM
2023-06-14 14:10:00,14952.0,14953.75,14950.0,14953.75,SdulICr
2023-06-14 14:10:00,14954.0,14955.5,14951.75,14955.25,EldPfPJi
2023-06-14 14:10:00,14956.25,14957.25,14953.5,14957.0,eqBKbIJkw
2023-06-14 14:10:00,14957.75,14958.0,14953.5,14953.5,NLKpS
2023-06-14 14:11:00,14953.5,14958.0,14953.5,14958.0,uOWQFp
2023-06-14 14:11:00,14958.0,14958.25,14954.5,14955.0,ZcWblXk
2023-06-14 14:11:00,14953.0,14955.5,14951.75,14955.5,pkPfZYdx
2023-06-14 14:11:00,14957.0,14957.25,14953.0,14953.0,lyLLr
2023-06-14 14:12:00,14953.0,14955.5,14950.75,14950.75,xZvVPp
2023-06-14 14:12:00,14950.75,14950.75,14947.0,14950.0,jVBKkXC
2023-06-14 14:12:00,14951.0,14953.75,14950.0,14953.75,iMdRO
2023-06-14 14:13:00,14954.0,14958.0,14954.0,14958.0,iDJKyZ
2023-06-14 14:13:00,14958.0,14959.75,14955.75,14955.75,zxNTY
2023-06-14 14:14:00,14955.75,14958.25,14954.5,14954.75,cxMOjr
2023-06-14 14:14:00,14953.75,14957.25,14953.25,14957.25,UDETzRe
2023-06-14 14:14:00,14957.25,14958.75,14954.0,14958.75,BfAjr
2023-06-14 14:15:00,14958.75,14962.0,14958.25,14961.5,VvKQbK
2023-06-14 14:15:00,14962.75,14966.5,14962.0,14966.5,UYDEAuy
2023-06-14 14:15:00,14966.5,14966.0,14962.25,14962.25,vRtsJpMt
2023-06-14 14:15:00,14962.0,14964.0,14960.0,14964.0,ufkQQCqNf
2023-06-14 14:15:00,14964.0,14965.0,14961.25,14961.25,CTVYh
2023-06-14 14:16:00,14961.0,14962.75,14959.0,14959.0,zdARjs
2023-06-14 14:16:00,14958.5,14961.75,14958.0,14961.75,iOACJqD
2023-06-14 14:16:00,14962.0,14965.5,14961.75,14965.5,nvxUmsnv
2023-06-14 14:16:00,14966.5,14969.0,14965.25,14969.0,sbNfu
2023-06-14 14:17:00,14969.75,14970.75,14967.0,14967.0,CdxNux
2023-06-14 14:17:00,14966.5,14969.25,14965.5,14969.25,FpaPDvB
2023-06-14 14:17:00,14969.5,14971.5,14967.75,14971.5,XaRKl
2023-06-14 14:18:00,14971.75,14972.25,14968.0,14968.0,ZTyJkr
2023-06-14 14:18:00,14968.0,14970.5,14966.5,14970.5,sBEOx
2023-06-14 14:19:00,14970.5,14971.25,14967.5,14967.5,QKScaE
2023-06-14 14:19:00,14967.25,14971.0,14967.25,14971.0,OXUAB
2023-06-14 14:20:00,14971.75,14974.25,14969.5,14974.25,IswXqA
2023-06-14 14:20:00,14974.25,14975.75,14971.5,14975.75,cqyyVWR
2023-06-14 14:20:00,14975.75,14979.25,14974.75,14979.25,vpPWTBfU
2023-06-14 14:20:00,14979.25,14979.5,14974.75,14974.75,NMPuAlnyw
2023-06-14 14:20:00,14974.75,14978.5,14974.75,14978.5,mRScGtkKKT
2023-06-14 14:20:00,14979.0,14982.5,14978.75,14978.75,GHDja
2023-06-14 14:21:00,14978.25,14981.5,14977.75,14981.5,UCcgaY
2023-06-14 14:21:00,14982.0,14982.5,14978.75,14981.75,wMRSScR
2023-06-14 14:21:00,14983.0,14985.25,14981.5,14984.75,pVLuKfzR
2023-06-14 14:21:00,14985.5,14986.0,14982.25,14982.25,hnDOJ
2023-06-14 14:22:00,14980.75,14981.5,14977.25,14977.25,FgmAGy
2023-06-14 14:22:00,14977.25,14979.0,14975.25,14978.5,CrihRYp
2023-06-14 14:22:00,14979.75,14983.25,14979.25,14983.25,vnwitdfT
2023-06-14 14:22:00,14983.25,14984.5,14980.25,14980.25,OJBzgqkjy
2023-06-14 14:22:00,14980.25,14982.0,14978.0,14982.0,AYMonOuvMj
2023-06-14 14:22:00,14982.0,14982.0,14977.75,14977.75,WPwhH
2023-06-14 14:23:00,14977.75,14977.75,14974.0,14974.0,rFcQSy
2023-06-14 14:23:00,14973.75,14976.5,14971.75,14971.75,atZQqkk
2023-06-14 14:23:00,14971.75,14972.75,14969.0,14970.0,IeHJwglV
2023-06-14 14:23:00,14968.5,14970.0,14966.0,14966.0,zMunosGLx
2023-06-14 14:23:00,14966.0,14970.25,14966.0,14970.25,qvBVA
2023-06-14 14:24:00,14970.25,14972.5,14968.0,14968.0,WgluKG
2023-06-14 14:24:00,14968.0,14969.25,14965.5,14965.75,DlCGXYo
2023-06-14 14:24:00,14964.75,14966.0,14962.25,14962.5,ltlrNKiy
2023-06-14 14:24:00,14961.75,14962.5,14958.75,14959.5,GMHMT
2023-06-14 14:25:00,14958.0,14958.0,14954.25,14954.5,UtjcHY
2023-06-14 14:25:00,14953.75,14954.5,14949.75,14949.75,jlqCCCm
2023-06-14 14:25:00,14949.75,14952.0,14948.0,14952.0,LeQfLcpC
2023-06-14 14:25:00,14952.0,14955.5,14951.75,14955.5,SMIFCHzzc
2023-06-14 14:25:00,14956.25,14958.25,14954.5,14958.25,ztRMq
2023-06-14 14:26:00,14958.5,14959.0,14955.0,14955.0,PaxMaI
2023-06-14 14:26:00,14954.75,14958.0,14953.75,14958.0,fEeiFDC
2023-06-14 14:26:00,14958.0,14961.75,14958.0,14961.75,QCIukcas
2023-06-14 14:26:00,14962.25,14962.5,14958.5,14958.5,fzPYg
2023-06-14 14:27:00,14958.5,14963.0,14958.0,14963.0,cxWMGn
2023-06-14 14:27:00,14963.0,14965.75,14961.75,14965.75,AyYpzgc
2023-06-14 14:27:00,14965.75,14968.0,14963.5,14963.5,IaQItGwA
2023-06-14 14:27:00,14963.5,14965.75,14962.0,14963.25,kxcsn
2023-06-14 14:28:00,14961.0,14962.0,14957.75,14957.75,YoeymU
2023-06-14 14:28:00,14957.75,14960.0,14956.25,14959.25,hHshW
2023-06-14 14:29:00,14960.25,14962.25,14958.5,14961.75,nFFTB
2023-06-14 14:30:00,14962.5,14967.0,14962.5,14967.0,ptOFyN
2023-06-14 14:30:00,14967.0,14969.5,14965.5,14969.5,gHkUO
2023-06-14 14:31:00,14969.5,14972.5,14968.75,14972.5,dDCUyd
2023-06-14 14:31:00,14973.0,14976.25,14972.25,14972.25,KcOgBKO
2023-06-14 14:31:00,14972.25,14976.25,14972.25,14976.25,VNFdz
2023-06-14 14:32:00,14976.25,14977.75,14974.0,14974.0,ZqNdw
2023-06-14 14:33:00,14973.5,14975.5,14971.75,14971.75,YJUgPN
2023-06-14 14:33:00,14971.25,14975.5,14970.75,14975.5,LRgrEjN
2023-06-14 14:33:00,14975.5,14978.0,14974.0,14978.0,QBdnr
2023-06-14 14:34:00,14978.0,14980.75,14976.75,14976.75,EWMHfZ
2023-06-14 14:34:00,14976.75,14979.25,14975.5,14975.5,xroqx
2023-06-14 14:35:00,14975.0,14975.5,14971.75,14972.25,VkBgpP
2023-06-14 14:35:00,14971.5,14975.0,14971.25,14971.25,ttJjA
2023-06-14 14:36:00,14971.0,14972.25,14968.5,14972.0,mZNxxV
2023-06-14 14:36:00,14973.0,14976.25,14972.0,14976.25,hogUO
2023-06-14 14:37:00,14976.25,14977.75,14973.25,14973.25,UtaIFz
2023-06-14 14:37:00,14973.25,14976.0,14972.0,14976.0,AihQe
2023-06-14 14:38:00,14976.0,14978.75,14975.0,14978.5,KjyCp
2023-06-14 14:39:00,14979.5,14982.75,14979.0,14979.0,PnOOr
2023-06-14 14:40:00,14978.5,14982.0,14978.25,14982.0,eioNfL
2023-06-14 14:40:00,14982.25,14984.75,14980.75,14984.75,JvJSfKk
2023-06-14 14:40:00,14984.75,14988.0,14984.25,14988.0,stEXiQoX
2023-06-14 14:40:00,14988.25,14991.75,14987.5,14991.75,kTjgsWpRy
2023-06-14 14:40:00,14991.75,14991.75,14988.0,14988.0,OjynDVWBlW
2023-06-14 14:40:00,14987.25,14989.0,14985.25,14989.0,PiriK
2023-06-14 14:41:00,14989.25,14990.0,14986.25,14990.0,CPRZI
2023-06-14 14:42:00,14990.5,14991.75,14987.75,14987.75,PFmwAy
2023-06-14 14:42:00,14987.75,14989.5,14985.75,14985.75,BqEXuDi
2023-06-14 14:42:00,14985.25,14987.25,14983.25,14983.25,QQKZO
2023-06-14 14:43:00,14983.25,14985.0,14981.25,14985.0,Jmmaef
2023-06-14 14:43:00,14986.0,14988.0,14983.75,14988.0,MdNuzzm
2023-06-14 14:43:00,14988.25,14988.25,14984.5,14988.0,FTzTq
2023-06-14 14:44:00,14988.75,14989.75,14986.0,14987.0,JdDIQM
2023-06-14 14:44:00,14985.5,14986.25,14982.0,14982.0,JHvju
2023-06-14 14:45:00,14982.0,14985.0,14981.25,14985.0,rnmfvg
2023-06-14 14:45:00,14985.25,14986.0,14981.75,14981.75,ZCcRzNZ
2023-06-14 14:45:00,14981.75,14982.5,14978.5,14978.5,wralB
2023-06-14 14:46:00,14978.5,14981.5,14977.25,14981.5,nBgEVv
2023-06-14 14:46:00,14981.25,14984.75,14981.0,14984.75,SmbWXGX
2023-06-14 14:46:00,14985.0,14985.0,14981.25,14981.25,UwPkzAqC
2023-06-14 14:46:00,14980.0,14980.5,14976.75,14976.75,vKxqVbCPD
2023-06-14 14:46:00,14975.5,14980.0,14975.5,14980.0,ZdJXNTdzJy
2023-06-14 14:46:00,14980.0,14981.25,14977.5,14981.25,tCyAO
2023-06-14 14:47:00,14981.5,14982.75,14979.0,14981.75,CtYVkm
2023-06-14 14:47:00,14983.25,14983.25,14979.5,14980.0,QZZoG
2023-06-14 14:48:00,14978.75,14980.0,14976.25,14980.0,UEocIB
2023-06-14 14:48:00,14980.5,14983.5,14979.5,14983.5,PNXVB
2023-06-14 14:49:00,14983.5,14986.25,14982.5,14985.5,VdVTWy
2023-06-14 14:49:00,14986.75,14989.0,14984.5,14984.5,WBVJj
2023-06-14 14:50:00,14984.5,14985.5,14981.75,14985.25,cyThbu
2023-06-14 14:50:00,14986.5,14988.5,14984.0,14984.0,GhIbr
2023-06-14 14:51:00,14984.0,14985.0,14981.0,14981.0,CORtec
2023-06-14 14:51:00,14981.0,14983.0,14979.25,14982.75,qDvqYne
2023-06-14 14:51:00,14983.25,14985.0,14981.25,14984.0,mlgRz
2023-06-14 14:52:00,14985.5,14986.0,14981.25,14981.25,qYkPN
2023-06-14 14:53:00,14981.25,14985.25,14981.25,14985.25,dzERGL
2023-06-14 14:53:00,14985.25,14989.0,14985.25,14988.75,JWguiOz
2023-06-14 14:53:00,14989.25,14989.75,14983.0,14983.0,ttdXsKdA
2023-06-14 14:53:00,14983.0,14985.0,14981.25,14983.75,hIYix
2023-06-14 14:54:00,14981.0,14981.75,14978.0,14978.0,ejudXz
2023-06-14 14:54:00,14977.25,14978.25,14974.25,14974.25,SKmau
2023-06-14 14:55:00,14973.75,14974.5,14970.75,14970.75,feETwz
2023-06-14 14:55:00,14970.0,14974.0,14970.0,14974.0,qPCdJmj
2023-06-14 14:55:00,14974.0,14974.75,14970.75,14970.75,pXnRbVqi
2023-06-14 14:55:00,14970.75,14971.75,14967.75,14967.75,zHmRZADBj
2023-06-14 14:55:00,14967.75,14967.75,14963.0,14963.0,hRNfxCcrHU
2023-06-14 14:55:00,14963.0,14966.5,14962.75,14962.75,ARtOu
2023-06-14 14:56:00,14961.75,14965.5,14961.75,14965.5,eVeppz
2023-06-14 14:56:00,14965.75,14969.0,14965.0,14969.0,WoSitqN
2023-06-14 14:56:00,14969.0,14972.5,14968.75,14969.75,XbKxjwrM
2023-06-14 14:56:00,14968.5,14969.5,14965.75,14966.25,mDuKn
2023-06-14 14:57:00,14964.25,14964.25,14960.25,14960.25,QKHamw
2023-06-14 14:57:00,14960.25,14964.0,14960.0,14964.0,dNbQKrQ
2023-06-14 14:57:00,14964.0,14966.25,14962.5,14966.25,dukzb
2023-06-14 14:58:00,14966.75,14970.0,14966.25,14966.5,uSbtU
2023-06-14 14:59:00,14966.0,14969.25,14965.5,14965.5,GfMMCR
2023-06-14 14:59:00,14964.5,14966.5,14962.5,14962.5,kPsBt
2023-06-14 15:00:00,14962.5,14964.75,14960.75,14960.75,aseiPe
2023-06-14 15:00:00,14960.75,14961.75,14958.0,14958.0,vLrOyqD
2023-06-14 15:00:00,14957.5,14959.25,14955.5,14958.75,INbBicmT
2023-06-14 15:00:00,14960.5,14961.25,14957.5,14957.5,MLKFcJNwW
2023-06-14 15:00:00,14957.0,14958.75,14953.75,14953.75,RfQbY
2023-06-14 15:01:00,14953.75,14956.25,14952.0,14952.0,dPXbIy
2023-06-14 15:01:00,14952.0,14955.5,14951.25,14955.5,EqxHWPY
2023-06-14 15:01:00,14955.5,14956.75,14953.0,14953.25,jDEVO
2023-06-14 15:02:00,14952.25,14953.75,14950.0,14950.0,XeNpYF
2023-06-14 15:02:00,14949.75,14952.75,14947.5,14952.75,IiHQUvV
2023-06-14 15:02:00,14952.75,14955.75,14952.0,14955.5,mLYjlEnS
2023-06-14 15:02:00,14956.0,14959.75,14956.0,14958.25,KbJxg
2023-06-14 15:03:00,14960.0,14962.0,14957.75,14962.0,KFwjoe
2023-06-14 15:03:00,14962.0,14964.25,14960.25,14964.25,eVnnliv
2023-06-14 15:03:00,14964.25,14964.75,14961.0,14964.75,FKPGWGAB
2023-06-14 15:03:00,14965.25,14966.5,14962.25,14966.5,cKhzA
2023-06-14 15:04:00,14966.5,14966.5,14962.5,14962.5,SzkqVY
2023-06-14 15:04:00,14962.5,14962.5,14958.75,14958.75,sILSj
2023-06-14 15:05:00,14957.5,14959.25,14955.5,14955.5,NwCqet
2023-06-14 15:05:00,14955.25,14958.0,14954.0,14954.0,huICDLI
2023-06-14 15:05:00,14954.0,14957.0,14953.25,14956.5,anrgx
2023-06-14 15:06:00,14957.5,14961.5,14957.25,14961.5,iXfjOK
2023-06-14 15:06:00,14961.5,14965.0,14961.0,14965.0,QosbN
2023-06-14 15:07:00,14965.0,14965.0,14960.0,14960.0,hvjkSC
2023-06-14 15:07:00,14960.0,14964.5,14960.0,14964.5,adGJNMD
2023-06-14 15:07:00,14964.5,14968.25,14964.5,14968.25,lKIjodGx
2023-06-14 15:07:00,14968.5,14969.5,14965.75,14969.5,SxCRC
2023-06-14 15:08:00,14970.25,14973.75,14970.0,14973.0,kxIabj
2023-06-14 15:08:00,14974.0,14974.75,14970.25,14970.25,CQeqssF
2023-06-14 15:08:00,14970.25,14974.0,14970.25,14974.0,Afsxl
2023-06-14 15:09:00,14974.5,14975.75,14972.0,14975.75,AYFSeh
2023-06-14 15:09:00,14976.0,14980.0,14976.25,14980.0,UtZxX
2023-06-14 15:10:00,14980.25,14980.25,14976.25,14976.25,GBmAfU
2023-06-14 15:10:00,14976.25,14979.25,14975.5,14975.5,uRERomM
2023-06-14 15:10:00,14975.0,14977.5,14973.75,14977.5,pzZEK
2023-06-14 15:11:00,14978.25,14981.0,14976.75,14981.0,CQeyMK
2023-06-14 15:11:00,14981.0,14984.25,14980.5,14984.25,zGXKjwh
2023-06-14 15:11:00,14984.75,14986.0,14982.25,14983.0,mcqZx
2023-06-14 15:12:00,14982.0,14984.0,14980.0,14984.0,yyYYT
2023-06-14 15:13:00,14984.0,14985.0,14981.25,14985.0,buDOL
2023-06-14 15:14:00,14985.5,14989.25,14985.5,14989.25,NlsxON
2023-06-14 15:14:00,14989.5,14993.75,14989.5,14993.75,GOhgwqQ
2023-06-14 15:14:00,14993.75,14995.5,14991.25,14991.25,FNArtWjR
2023-06-14 15:14:00,14991.25,14996.25,14991.0,14996.25,HfbcB
2023-06-14 15:15:00,14996.25,14998.5,14994.25,14998.5,NPvxUo
2023-06-14 15:15:00,14998.5,15000.0,14996.25,14996.5,wXfoqGu
2023-06-14 15:15:00,14995.75,14999.25,14995.25,14999.25,bGIiHCjT
2023-06-14 15:15:00,14999.25,15001.25,14997.5,15001.25,vRmbd
2023-06-14 15:17:00,15001.75,15003.75,15000.0,15003.75,pvzJc
2023-06-14 15:18:00,15004.25,15004.25,15000.0,15000.0,pXJcKr
2023-06-14 15:18:00,15000.0,15002.0,14997.75,14997.75,nrNnlIN
2023-06-14 15:18:00,14997.75,15000.75,14996.75,15000.75,izwvY
2023-06-14 15:19:00,15000.75,15002.5,14998.0,14998.0,GTkwy
2023-06-14 15:20:00,14998.0,15000.5,14996.75,15000.5,NSsbpm
2023-06-14 15:20:00,15000.75,15004.5,15000.75,15004.5,JxDAf
2023-06-14 15:21:00,15004.75,15008.25,15004.25,15008.25,xoXzvN
2023-06-14 15:21:00,15008.25,15010.0,15005.5,15005.5,WWaPHAC
2023-06-14 15:21:00,15005.5,15008.75,15005.0,15007.5,XMCpn
2023-06-14 15:22:00,15009.0,15011.0,15007.25,15010.5,FXghKZ
2023-06-14 15:22:00,15011.25,15013.75,15010.0,15013.5,gFfzr
2023-06-14 15:23:00,15014.0,15015.75,15011.75,15015.75,ATCxZx
2023-06-14 15:23:00,15015.75,15018.0,15014.25,15017.75,LvPnk
2023-06-14 15:24:00,15018.25,15022.0,15018.25,15022.0,SlHbAK
2023-06-14 15:24:00,15022.25,15023.5,15019.75,15020.0,jJmnkxR
2023-06-14 15:24:00,15019.25,15020.75,15017.0,15020.75,mRgUenPy
2023-06-14 15:24:00,15021.25,15023.0,15019.25,15019.5,jXvdH
2023-06-14 15:25:00,15019.0,15023.0,15019.0,15023.0,PMTMZh
2023-06-14 15:25:00,15023.0,15025.5,15021.75,15025.5,BFFxF
2023-06-14 15:26:00,15026.25,15026.25,15022.5,15022.5,lGVuHM
2023-06-14 15:26:00,15022.0,15025.25,15021.5,15025.25,ZXTsTcU
2023-06-14 15:26:00,15025.5,15028.5,15024.5,15028.5,zxpjF
2023-06-14 15:27:00,15028.5,15029.75,15026.0,15027.0,BJYLYl
2023-06-14 15:27:00,15025.5,15026.75,15022.75,15022.75,drZWVIm
2023-06-14 15:27:00,15023.25,15023.25,15018.25,15018.25,RBHuISjN
2023-06-14 15:27:00,15018.25,15018.75,15015.0,15015.0,nUPHPDxAZ
2023-06-14 15:27:00,15013.75,15016.25,15012.25,15012.25,Ftsjb
2023-06-14 15:28:00,15012.75,15013.25,15009.25,15009.25,PnpnPn
2023-06-14 15:28:00,15009.25,15011.5,15007.75,15011.25,HTabrOl
2023-06-14 15:28:00,15011.75,15012.5,15008.75,15012.5,XlUdg
2023-06-14 15:29:00,15012.75,15013.0,15009.25,15013.0,djslL
2023-06-14 15:30:00,15013.25,15015.5,15011.5,15011.5,XmSOWI
2023-06-14 15:30:00,15011.5,15014.75,15010.25,15014.75,TCYUfOH
2023-06-14 15:30:00,15014.75,15016.75,15012.75,15016.75,VlvID
2023-06-14 15:31:00,15016.75,15018.25,15014.5,15014.5,UqXjF
2023-06-14 15:32:00,15014.25,15015.5,15011.5,15011.5,pRUBW
2023-06-14 15:33:00,15011.5,15014.75,15010.75,15014.75,FNpeK
2023-06-14 15:34:00,15014.75,15015.0,15011.25,15011.25,AuBURA
2023-06-14 15:34:00,15011.0,15011.0,15007.25,15007.5,ybsKqyY
2023-06-14 15:34:00,15007.0,15009.25,15005.5,15009.0,eIUiY
2023-06-14 15:35:00,15010.5,15013.25,15009.5,15010.25,NJtng
2023-06-14 15:36:00,15009.25,15011.5,15007.75,15011.5,LXRdwf
2023-06-14 15:36:00,15012.5,15013.0,15008.25,15008.25,FVYPT
2023-06-14 15:37:00,15008.25,15010.5,15006.75,15006.75,aazEja
2023-06-14 15:37:00,15006.5,15010.0,15006.0,15010.0,UZeZx
2023-06-14 15:38:00,15010.0,15012.75,15008.25,15008.25,KVYkL
2023-06-14 15:39:00,15008.25,15012.0,15008.25,15011.0,tnttU
2023-06-14 18:03:00,0.0,14875.5,14871.75,14872.0,zZMoux
2023-06-14 18:03:00,14871.5,14872.75,14869.0,14872.75,FNBpiHO
2023-06-14 18:03:00,0.0,15051.75,15048.0,15051.75,jQwZaa
2023-06-14 18:03:00,15052.0,15055.75,15051.75,15055.75,YWAkiMc
2023-06-14 18:03:00,15055.75,15056.25,15052.5,15054.0,UxtuVoVG
2023-06-14 18:03:00,15052.25,15053.0,15049.0,15049.0,tKboUWawI
2023-06-14 18:03:00,15049.0,15053.0,15048.75,15053.0,eKoXLVmCDJ
2023-06-14 18:03:00,0.0,15041.25,15037.0,15041.25,jiAxkZ
2023-06-14 18:04:00,0.0,15054.75,15051.0,15051.0,AsHetJ
2023-06-14 18:04:00,15050.75,15057.25,15050.5,15057.25,DkTGIAQ
2023-06-14 18:04:00,15057.25,15061.5,15057.5,15061.5,AzCTtqjJ
2023-06-14 18:04:00,15060.5,15061.0,15057.25,15061.0,AYEFwJoll
2023-06-14 18:04:00,15062.0,15067.0,15062.75,15062.75,AbtuJyoYcw
2023-06-14 18:04:00,15062.75,15067.25,15063.25,15063.25,NgXoHgdfNBA
2023-06-14 18:04:00,15063.25,15065.0,15059.75,15059.75,JdpkpKYPPbEf
2023-06-14 18:04:00,15059.75,15061.5,15057.0,15057.0,JKgpelxbbLTUd
2023-06-14 18:04:00,15057.0,15060.0,15056.25,15060.0,NrYPrewtksFKQS
2023-06-14 18:04:00,15060.75,15061.5,15057.75,15057.75,HhkgJGrWclLrhNO
2023-06-14 18:04:00,15057.25,15061.0,15057.25,15059.25,vXfWIytmGBdvaCSC
2023-06-14 18:04:00,15062.5,15065.75,15061.0,15065.75,ZXNGkuLXcLQiRWGRv
2023-06-14 18:04:00,15067.0,15067.0,15062.75,15062.75,nzVXCijXDDctPhZlCQ
2023-06-14 18:04:00,15062.75,15063.75,15059.25,15063.75,csQKgrbexLzmPvSnJrL
2023-06-14 18:04:00,15063.75,15063.75,15060.0,15060.0,DkteVXnhuqCPZGZuDppD
2023-06-14 18:04:00,15057.25,15057.25,15053.5,15053.75,frRIo
2023-06-14 18:05:00,15052.25,15054.75,15049.75,15054.75,ItOxzB
2023-06-14 18:05:00,15054.75,15055.5,15051.5,15051.5,DYGPicJ
2023-06-14 18:05:00,15051.5,15053.5,15049.75,15049.75,iyWPocEy
2023-06-14 18:05:00,15048.5,15053.25,15048.5,15053.25,CZssLSQpN
2023-06-14 18:05:00,15053.25,15053.25,15049.25,15049.25,NwjXcduSKh
2023-06-14 18:05:00,15049.25,15050.0,15046.25,15049.0,EAlwcwiZGhO
2023-06-14 18:05:00,15046.0,15050.0,15044.75,15050.0,SKMRyqypEIlB
2023-06-14 18:05:00,15050.0,15051.75,15048.0,15051.75,uYausifaBZPSu
2023-06-14 18:05:00,15052.0,15055.75,15052.0,15055.5,cDIKOUeaCRVtVh
2023-06-14 18:05:00,15057.25,15057.25,15050.0,15050.0,ZqevPliZuPfcCUA
2023-06-14 18:05:00,15050.0,15050.0,15046.0,15046.0,RgbDnxTsQlWzVSPA
2023-06-14 18:05:00,15046.0,15047.0,15043.25,15046.25,twQKpMAdSBAqOLqVh
2023-06-14 18:05:00,15047.5,15047.5,15043.75,15044.0,YXZJqBtkPECPXqxJXq
2023-06-14 18:05:00,15043.5,15044.5,15040.75,15040.75,wLHBBfdTaVbytxxwjGh
2023-06-14 18:05:00,15040.25,15041.25,15037.25,15041.25,ilPPjEvVTzUQvPGszLpp
2023-06-14 18:05:00,15041.25,15042.5,15038.75,15042.5,rOOmLeNaYTKKViMFadLsS
2023-06-14 18:05:00,15043.25,15043.75,15040.0,15040.5,tdUvTOBzDWrEKVkeNXxcTr
2023-06-14 18:05:00,15037.75,15038.25,15034.5,15034.5,lnNwagFgtdKxQqQuTTCAxeJ
2023-06-14 18:05:00,15034.0,15035.75,15031.0,15031.0,UHPSPqdieHPmFAJbFWSFgmdk
2023-06-14 18:05:00,15031.0,15035.75,15032.0,15035.5,OvpuxMCpnuXnJQWgXMHJDolWc
2023-06-14 18:05:00,15036.25,15040.75,15036.25,15040.75,uVRQMkoBxIorCKCzNzYHjqfgpe
2023-06-14 18:05:00,15040.75,15041.75,15038.0,15038.0,qhsITaGoMEfPqHHbLydVbxynHRB
2023-06-14 18:05:00,15037.25,15040.0,15035.5,15035.5,kLrurfMPwkASZBRtQaJTmnOelmYH
2023-06-14 18:05:00,15035.5,15036.0,15031.5,15031.5,SSaVtxwYxbIHkgQgUErHPavsBPtdA
2023-06-14 18:05:00,15031.5,15035.0,15031.0,15035.0,ivOirBDsZHfxgQFTKTiCJmhwUiZOrf
2023-06-14 18:05:00,15035.0,15035.25,15031.5,15031.5,kwwnJ
2023-06-14 18:06:00,15031.25,15034.25,15030.0,15034.25,tdsuhO
2023-06-14 18:06:00,15034.25,15035.5,15030.25,15030.25,jrXGMsp
2023-06-14 18:06:00,15030.25,15032.75,15029.0,15032.75,bUJOrDSi
2023-06-14 18:06:00,15033.0,15034.5,15029.5,15029.5,xbWwWiDKH
2023-06-14 18:06:00,15029.5,15029.75,15025.75,15025.75,jWtLrPJYCg
2023-06-14 18:06:00,15025.75,15028.25,15024.0,15028.25,WQzbaABvWUV
2023-06-14 18:06:00,15028.25,15031.25,15027.25,15031.25,BevVqWpiWNlk
2023-06-14 18:06:00,15031.25,15031.75,15027.5,15027.5,ZSMWnNSZEgQkU
2023-06-14 18:06:00,15027.5,15028.75,15024.75,15024.75,SfukVSqKCUfJxh
2023-06-14 18:06:00,15024.75,15024.75,15021.0,15021.5,KEwKKxkZqWpyJcE
2023-06-14 18:06:00,15020.75,15024.25,15020.5,15020.5,EIijtiXGEDeoqgvz
2023-06-14 18:06:00,15019.5,15022.75,15019.0,15019.5,aPsnkOoZptPULENhw
2023-06-14 18:06:00,15018.75,15019.25,15015.25,15015.25,UnNrywprZHdZyLdiiW
2023-06-14 18:06:00,15014.0,15015.0,15011.0,15011.0,OIhbfCFjfNHhqyCXOrb
2023-06-14 18:06:00,15011.0,15011.0,15007.25,15007.75,kzsof
2023-06-14 18:07:00,15006.0,15008.5,15004.5,15008.5,DmVUhv
2023-06-14 18:07:00,15008.5,15009.0,15005.25,15005.25,jcbWSXJ
2023-06-14 18:07:00,15005.0,15006.25,15002.5,15003.0,UalvbMyf
2023-06-14 18:07:00,15001.25,15004.25,15000.25,15004.25,qExuRoKln
2023-06-14 18:07:00,15004.25,15006.0,15002.25,15002.75,TaaolwWyTe
2023-06-14 18:07:00,15002.0,15004.25,15000.5,15004.25,yaqWtbIQwOz
2023-06-14 18:07:00,15004.5,15006.75,15002.5,15002.5,mQQgKSuwRYYW
2023-06-14 18:07:00,15002.5,15004.5,15000.75,15001.75,wKOyEgeCnEhBZ
2023-06-14 18:07:00,15000.0,15000.25,14996.25,14996.25,HgpVRuGjsWRzxH
2023-06-14 18:07:00,14996.25,14998.0,14994.25,14994.25,WjmflRJEWHVHLHu
2023-06-14 18:07:00,14992.75,14994.75,14991.0,14994.75,xtfvuoWocaieEWsR
2023-06-14 18:07:00,14995.0,14996.5,14992.5,14992.5,YpGDJfYBcfkMsTzvS
2023-06-14 18:07:00,14992.5,14993.25,14989.5,14989.5,WXUuTFkpFaiUAwHdMp
2023-06-14 18:07:00,14988.5,14991.25,14983.5,14983.5,vRbkzKiAySyFRKgmPxD
2023-06-14 18:07:00,14983.5,14986.0,14981.75,14986.0,eqqUNxsOrDtFGfzfTkjq
2023-06-14 18:07:00,14986.0,14987.5,14983.75,14987.25,warYADyqktPcfnMvdOrgw
2023-06-14 18:07:00,14988.0,14989.0,14985.25,14985.25,lmMsVdPOmbXWydzKyAVers
2023-06-14 18:07:00,14984.25,14986.25,14982.5,14986.25,AFIwHEfaREUguPKWqxDUcjN
2023-06-14 18:07:00,14986.5,14990.75,14985.25,14990.75,eTIBYBEssZMcTRfTEPGtndFC
2023-06-14 18:07:00,14990.75,14992.25,14988.0,14988.0,XQhvE
2023-06-14 18:08:00,14988.25,14987.75,14984.0,14984.0,uFisEh
2023-06-14 18:08:00,14983.0,14983.0,14977.25,14977.25,hTlPUSU
2023-06-14 18:08:00,14977.25,14981.0,14977.25,14981.0,nSYDSafj
2023-06-14 18:08:00,14982.25,14985.75,14981.0,14985.75,SmFmlmMIs
2023-06-14 18:08:00,14985.75,14986.25,14982.25,14982.25,jsBtWyqvfN
2023-06-14 18:08:00,14982.25,14985.0,14981.25,14981.25,hBRasVPaOCS
2023-06-14 18:08:00,14980.75,14981.0,14977.25,14977.25,HgxRyMzegZKe
2023-06-14 18:08:00,14976.5,14981.0,14976.5,14981.0,IIGiFmDSdekWg
2023-06-14 18:08:00,14981.0,14983.5,14979.5,14979.5,ljQQgaDUXnDtsO
2023-06-14 18:08:00,14980.25,14985.5,14979.75,14985.5,KOWWKiICQnAoYWY
2023-06-14 18:08:00,14985.5,14987.5,14983.0,14987.5,ueLTVcQTtCEKslXc
2023-06-14 18:08:00,14987.5,14987.75,14983.5,14983.5,ZygJLOvvUCcaldLsL
2023-06-14 18:08:00,14983.5,14985.0,14981.25,14985.0,aJisHKcWtfpWCdGVps
2023-06-14 18:08:00,14985.25,14989.5,14985.25,14989.5,QmNmJJZAgxPxfDgwdkS
2023-06-14 18:08:00,14989.25,14994.0,14987.5,14994.0,NMRKhxujkwvCqEPYjdyG
2023-06-14 18:08:00,14994.0,14997.25,14993.5,14994.0,hdkNNQNTjAxeWeJQqvDFs
2023-06-14 18:08:00,14992.75,14995.75,14992.0,14995.75,JwqQaVpWOcymuOYfziSkBs
2023-06-14 18:08:00,14996.0,14999.75,14996.0,14999.75,iOCpPdDJiXXZYTtzWDSoTsi
2023-06-14 18:08:00,15000.5,15002.0,14998.25,14998.75,CyanKfGldosLdTlndazSFHMB
2023-06-14 18:08:00,14998.0,14998.5,14994.5,14994.5,fQzEqxmxakEjjoealPXbGEFZA
2023-06-14 18:08:00,14994.5,14996.75,14993.0,14996.75,oGSQCPVpSQNLCrxiQttdKAOSxM
2023-06-14 18:08:00,14997.25,14999.0,14993.75,14999.0,oFReLoZoiXFyCXIwVnEIlkBWBvh
2023-06-14 18:08:00,14999.0,15000.75,14997.0,15000.75,xobkTiUDzaKSERBVOfzSFdUDJkAV
2023-06-14 18:08:00,15002.5,15007.25,15002.5,15007.25,ByVrmKkUTuscbQKfSmuAFqeOWsdzB
2023-06-14 18:08:00,15006.5,15010.0,15004.25,15010.0,iDvrFyMFnUibsGMGMawmFWuwlAdHdR
2023-06-14 18:08:00,15010.0,15010.75,15006.75,15006.75,heqRo
2023-06-14 18:09:00,15006.0,15007.25,15003.25,15003.25,wWYEek
2023-06-14 18:09:00,15003.5,15007.75,15003.5,15007.75,TclhwrI
2023-06-14 18:09:00,15007.75,15009.25,15004.5,15004.5,VLJvpZna
2023-06-14 18:09:00,15004.5,15005.5,15001.75,15001.75,XEriMpmLd
2023-06-14 18:09:00,15001.25,15003.25,14999.25,15003.25,vEjbIUgqUA
2023-06-14 18:09:00,15003.25,15006.75,15002.5,15006.75,dKdsGnQzveF
2023-06-14 18:09:00,15006.75,15009.0,15005.0,15009.0,NwmWEPEtIjtm
2023-06-14 18:09:00,15009.0,15012.5,15007.75,15007.75,qhdgOTWdppgtg
2023-06-14 18:09:00,15007.75,15011.5,15007.75,15011.5,KtGTAZdhdEEggC
2023-06-14 18:09:00,15012.25,15014.5,15010.75,15014.0,qkZRcLldDiAjvOu
2023-06-14 18:09:00,15016.5,15020.5,15016.5,15020.5,qgisWlUpSRNnWREk
2023-06-14 18:09:00,15020.5,15022.5,15018.5,15022.5,JbSaDbheGnQfEtJCf
2023-06-14 18:09:00,15022.5,15022.5,15017.75,15017.75,ALYFmjutbnZROPBzUW
2023-06-14 18:09:00,15017.75,15021.5,15017.75,15021.5,bCsJNBrbmoQNKXxxmqn
2023-06-14 18:09:00,15022.5,15024.5,15020.75,15020.75,dQozNPAgrNdvWujrIxYf
2023-06-14 18:09:00,15019.5,15023.5,15019.5,15023.5,rnteBXWKAtQLetBuzVzUr
2023-06-14 18:09:00,15023.5,15025.5,15021.0,15021.0,xxsmBsMBajZeGzlXvdCGau
2023-06-14 18:09:00,15021.0,15026.25,15020.75,15026.25,KAPOeOWSkanjivfqsoyNgra
2023-06-14 18:09:00,15026.25,15030.0,15026.25,15030.0,qHqKxtKCZDitrcxXzsouRszj
2023-06-14 18:09:00,15030.5,15032.75,15028.25,15028.25,jIRmwrWMYskrkkvFDCaSotXdI
2023-06-14 18:09:00,15028.25,15031.25,15027.0,15031.25,nxkjuPYWGNtIEduPDmhIPPbMXX
2023-06-14 18:09:00,15031.25,15032.0,15028.25,15028.5,rJvBa
2023-06-14 18:10:00,15025.75,15031.75,15025.75,15031.75,PjGlJe
2023-06-14 18:10:00,15031.75,15035.75,15031.75,15035.75,jViCBbb
2023-06-14 18:10:00,15035.75,15038.75,15035.0,15038.5,TcLKRiub
2023-06-14 18:10:00,15039.5,15040.75,15036.75,15036.75,zAHwXddsN
2023-06-14 18:10:00,15035.75,15039.75,15035.25,15039.75,tQJQqIYjAU
2023-06-14 18:10:00,15039.75,15041.0,15037.25,15041.0,QGvowENVAKU
2023-06-14 18:10:00,15041.25,15043.25,15039.5,15039.5,vBaVvepDljRB
2023-06-14 18:10:00,15038.75,15040.0,15036.25,15038.75,inMwQBvZhbqfa
2023-06-14 18:10:00,15040.5,15045.25,15039.75,15045.25,dzlHzEcqHcSbgS
2023-06-14 18:10:00,15045.25,15046.0,15042.25,15042.25,BFYWUMfyRRMdhmz
2023-06-14 18:10:00,15041.5,15043.25,15039.25,15043.25,sTwZjypdjDTBZpOi
2023-06-14 18:10:00,15043.25,15044.75,15040.5,15040.5,aquAfxfFqHIQpgnSk
2023-06-14 18:10:00,15041.0,15044.5,15040.5,15044.5,zMVbGOotUneGRzomTk
2023-06-14 18:10:00,15044.5,15044.5,15040.75,15041.25,HmcUvmhMdvgBluwbdui
2023-06-14 18:10:00,15040.5,15044.25,15040.5,15043.0,zSyRlosZMXTuzczTpfWI
2023-06-14 18:10:00,15044.75,15049.25,15044.5,15049.25,RXGinECYFJTejhnGsEaqX
2023-06-14 18:10:00,15049.25,15051.5,15047.75,15051.0,BaGdAwpwQqMQdwFaDBObha
2023-06-14 18:10:00,15052.25,15052.25,15048.0,15048.0,tlobXYQcQPXCgeHKdTBalBF
2023-06-14 18:10:00,15048.0,15051.0,15047.0,15047.0,kkWNVLpPtwjmTJXaPnakylNW
2023-06-14 18:10:00,15047.0,15050.25,15046.5,15050.25,AcdiUYRmkwWgnjbeLKPGOtyLH
2023-06-14 18:10:00,15050.75,15054.0,15050.0,15054.0,hrjPUjsiftsXXzORFKVUaUhdBS
2023-06-14 18:10:00,15054.0,15058.0,15054.0,15058.0,yUnIuQSkBGdBXMeZtUyPbhwzBBv
2023-06-14 18:10:00,15058.0,15061.75,15057.25,15061.75,TgPvwtEgSBJkrQvFpxwXZLdAvpeG
2023-06-14 18:10:00,15061.75,15064.0,15060.25,15061.5,XJbBCeHiMQUbHnUprsJKIYiympoWP
2023-06-14 18:10:00,15060.0,15061.75,15057.75,15057.75,wUCWC
2023-06-14 18:11:00,15057.75,15058.5,15054.75,15055.5,uyKdoO
2023-06-14 18:11:00,15054.25,15055.75,15051.5,15051.5,tMIvqWZ
2023-06-14 18:11:00,15051.5,15054.5,15050.5,15054.5,PrvMCLtj
2023-06-14 18:11:00,15054.5,15054.75,15050.75,15050.75,bPXyXQLhX
2023-06-14 18:11:00,15050.75,15052.0,15048.0,15048.0,XSdbnhwOkg
2023-06-14 18:11:00,15048.0,15048.0,15043.0,15043.0,qjUpUmjoQvP
2023-06-14 18:11:00,15042.25,15046.25,15042.0,15046.25,rhfNOgoHAVLH
2023-06-14 18:11:00,15046.25,15048.5,15044.25,15048.5,DJonDNcUbcjfv
2023-06-14 18:11:00,15048.75,15050.0,15046.0,15050.0,cAhSSAXvabMVYT
2023-06-14 18:11:00,15050.0,15053.75,15050.0,15053.75,BnVOaYgOfXnqDca
2023-06-14 18:11:00,15054.75,15055.25,15051.5,15051.75,PpfHByaUMyDLXdWT
2023-06-14 18:11:00,15051.0,15052.5,15048.75,15048.75,zUYNZPvzwcXqIktER
2023-06-14 18:11:00,15047.5,15048.5,15044.75,15045.5,hojNGjmzjMSleYlCuH
2023-06-14 18:11:00,15044.5,15045.25,15041.5,15041.5,GLZcLsTRJrZayGGxiwz
2023-06-14 18:11:00,15040.75,15042.25,15038.25,15042.25,kdxuGzdxnjqnwzcYyPaS
2023-06-14 18:11:00,15042.25,15042.5,15038.5,15038.5,ehMEwyUgQEPJICobJYOxV
2023-06-14 18:11:00,15038.5,15038.5,15034.75,15038.5,YYrRRDXPSXbgiovztHtmgf
2023-06-14 18:11:00,15039.5,15040.25,15036.5,15036.5,GEihF
2023-06-14 18:12:00,15036.0,15040.75,15035.5,15040.75,DrLEme
2023-06-14 18:12:00,15040.75,15045.0,15040.75,15045.0,njxikqv
2023-06-14 18:12:00,15045.0,15045.5,15041.75,15041.75,wVutoSPe
2023-06-14 18:12:00,15040.0,15044.25,15040.0,15044.25,JMjubFcOO
2023-06-14 18:12:00,15044.25,15045.0,15041.0,15041.0,jOdDfBetZS
2023-06-14 18:12:00,15041.0,15044.0,15040.25,15044.0,vhEdHHMjguL
